{"1": 2.0357142857142856, "2": 2.4448051948051948, "3": 2.4025974025974026, "4": 2.392857142857143, "5": 2.8863636363636362, "6": 2.8863636363636362, "7": 2.5714285714285716, "8": 2.6136363636363638, "9": 2.5714285714285716, "10": 2.6785714285714284, "11": 2.564935064935065, "12": 2.6136363636363638}