{
    "age": {
        "mean": 37.23376623376623,
        "std": 11.467510405767781
    },
    "agreeableness": {
        "mean": 3.3051948051948052,
        "std": 0.8666094708909827
    },
    "conscientiousness": {
        "mean": 3.9237012987012987,
        "std": 0.8334659688116514
    },
    "extraversion": {
        "mean": 3.086038961038961,
        "std": 1.051390494777279
    },
    "gender": {
        "gender_female": 0.36688311688311687,
        "gender_male": 0.6298701298701299,
        "gender_other": 0.003246753246753247
    },
    "management experience": {
        "mean": 2.9274891774891776,
        "std": 0.9778250825267858
    },
    "neuroticism": {
        "mean": 2.7142857142857144,
        "std": 1.000579609391968
    },
    "openness": {
        "mean": 3.7694805194805197,
        "std": 1.0210974438711762
    },
    "preTrust": {
        "mean": 3.482142857142857,
        "std": 0.6932903727294921
    },
    "technical affinity": {
        "mean": 4.010822510822511,
        "std": 0.5409545184286886
    }
}